first_name,last_name
Devante,Williams
Mahbooba,el-Mattar
Jonathan,Bridgeman
Linda,Lee
Munir,Zullali
Taamira,el-Haq
Oliver,Webb
Madeleine,Bernard
Pedro,Moncivaiz
Manaara,al-Nouri
Jawhar,el-Samara
India,Mcconnell
Anthony,Yan
Merissa,Mcconico
Kyle,Statler
Nicole,Couch
Tyler,Atkins
Tiana,Mccreary
Carlos,Aragon
Tilane,Pacheco
Patrick,Makaiwi
Megan,Hendricks
Daniel,Chess Jr
Ariel,Yang
Akira,Ho
Pari,Sharkey
Muhammad,el-Habibi
Erika,Garnier
Cody,Chisco
Sajaa,al-Hamed
Henry,Padilla
Kelcee,Weaks
Brandon,Roe
Lagrima,Acosta
Kevin,The
Ashley,Goff
Isaac,Landrum
Colette,Fuino
Sean,Lim
Avery,Desta
Martin,Lopez
Jennifer,Schoonover
Dylan,Gallagher
Lolette,Williams
Naaji,el-Jama
Teryl,Ironwing
Hayato,Schmitz
Abigail,Gius
Brennan,Powell
Debora,Solis-Castillo
Cyrus,Davis
Mimi,Hayashi
Jeffrey,Laner
Naomi,Fling-Salazar
Jacob,Hewlett
Loretta,Martinez
Taaj,el-Sharaf
Emily,Lawson
Michael,Reed
Suyin,Tamai
